text,label
Account Number: 325733578666,SENSITIVE
The sun looks like software architecture.,NORMAL
Date of Birth: 26/08/2001,SENSITIVE
C++ helps with text classification.,NORMAL
The application can be natural language processing.,NORMAL
Aadhaar Number: 6223 3531 1295,SENSITIVE
IP Address: 64.218.82.13,SENSITIVE
Cloud computing seems to be completed.,NORMAL
Deep learning generates an interesting concept.,NORMAL
Email: peggy@test.org,SENSITIVE
My IP is 101.52.133.233,SENSITIVE
IP Address: 10.58.188.84,SENSITIVE
The application looks like text classification.,NORMAL
My IP is 170.202.23.67,SENSITIVE
This program works as good today.,NORMAL
Secret Token: riDae9irAyAuiXMnnSQVdySbCr0l9W5O,SENSITIVE
Java is natural language processing.,NORMAL
Call me at 9866067325,SENSITIVE
Deep learning seems to be data analysis.,NORMAL
Passport: V7170610,SENSITIVE
Secret Token: om7hnMYIikxid0Ljca7Duzs1MRMao8W3,SENSITIVE
Login username: peggy856,SENSITIVE
Passport: S9811095,SENSITIVE
Aadhaar Number: 3491 1505 3520,SENSITIVE
Employee ID: EMP8977,SENSITIVE
Java seems to be approved.,NORMAL
Call me at 6387980695,SENSITIVE
Secret Token: 1I5VssCZpaRVR2tXM5IF2YwaMKb8VZDj,SENSITIVE
This program evaluates natural language processing.,NORMAL
Java generates pending.,NORMAL
My phone number is 9784567625.,SENSITIVE
Machine learning generates an interesting concept.,NORMAL
Secret Token: YbCCAx1vr3S5XCeq2xojcdtwNdGGYTxs,SENSITIVE
Card Number: 4880494562648628,SENSITIVE
Name: John Lopez,SENSITIVE
User ID: mallory_835,SENSITIVE
Full Name: Trent Johnson,SENSITIVE
Phone: 6751078761,SENSITIVE
email = walter@test.org,SENSITIVE
C++ seems to be text classification.,NORMAL
Server IP: 225.120.31.147,SENSITIVE
Aadhaar Number: 7646 3580 9008,SENSITIVE
This program can be pending.,NORMAL
Python seems to be completed.,NORMAL
Data science generates natural language processing.,NORMAL
The weather generates a useful tool.,NORMAL
C++ is good today.,NORMAL
The system generates pending.,NORMAL
Account Number: 231201955432,SENSITIVE
Student ID: STU2015428,SENSITIVE
Python appears as software architecture.,NORMAL
"Address: 937 Main Street, Tokyo",SENSITIVE
This program generates a useful tool.,NORMAL
Server IP: 219.76.203.146,SENSITIVE
Passport Number: C3240262,SENSITIVE
The system evaluates predictive modeling.,NORMAL
PAN: SLPMW8524N,SENSITIVE
Account Number: 527795463839,SENSITIVE
Web development seems to be a useful tool.,NORMAL
C++ helps with a great technology.,NORMAL
User ID: john_441,SENSITIVE
IP Address: 5.86.162.7,SENSITIVE
Name - Alice,SENSITIVE
Web development works as text classification.,NORMAL
Java is text classification.,NORMAL
Date of Birth: 01/04/1997,SENSITIVE
IP Address: 75.111.33.63,SENSITIVE
Machine learning seems to be a useful tool.,NORMAL
My name is David.,SENSITIVE
Cloud computing analyzes a great technology.,NORMAL
Student ID: STU2022755,SENSITIVE
Security Answer: Fluffy,SENSITIVE
Software engineering improves computer vision.,NORMAL
Software engineering looks like computer vision.,NORMAL
The sky is a great technology.,NORMAL
Phone: 7857119852,SENSITIVE
I was born on 16-09-1954,SENSITIVE
Deep learning improves computer vision.,NORMAL
Web development provides approved.,NORMAL
"Address: 733 Main Street, Chennai",SENSITIVE
C++ creates sunny.,NORMAL
The weather seems to be pending.,NORMAL
The weather is data analysis.,NORMAL
Cloud computing evaluates software architecture.,NORMAL
My IP is 180.219.118.178,SENSITIVE
Java can be an interesting concept.,NORMAL
Mobile: +91-6466067906,SENSITIVE
Access Token: QoC392wy7hrGpvbfl47717UK6ERhRn2q,SENSITIVE
PAN Card: SHZRL0166G,SENSITIVE
Phone: 8917944094,SENSITIVE
Username: david128,SENSITIVE
Email: nina@sample.co,SENSITIVE
The system analyzes data analysis.,NORMAL
Bearer Token: gP9jtgiB698jX10tfbBYy9TGVajsJJJe,SENSITIVE
Cloud computing provides text classification.,NORMAL
Artificial intelligence is an interesting concept.,NORMAL
Login password is Pass361,SENSITIVE
My phone number is 9901557140.,SENSITIVE
Web development optimizes software architecture.,NORMAL
Cloud computing creates text classification.,NORMAL
Cloud computing improves pending.,NORMAL
Python generates computer vision.,NORMAL
Credit Card: 4768573890055005,SENSITIVE
DL Number: DL1149370851350,SENSITIVE
"Home Address: 342 MG Road, Bangalore",SENSITIVE
The application is data analysis.,NORMAL
Data science helps with sunny.,NORMAL
Java looks like completed.,NORMAL
Web development seems to be computer vision.,NORMAL
email = walter@email.net,SENSITIVE
My email is trent.hernandez@demo.net,SENSITIVE
This program optimizes computer vision.,NORMAL
The application appears as software architecture.,NORMAL
Access Token: FfmUHYovLJiTlqXswt7BXBYsnZd79Ncc,SENSITIVE
Web development can be good today.,NORMAL
My name is Judy.,SENSITIVE
IP Address: 72.44.153.167,SENSITIVE
My IP is 110.239.190.180,SENSITIVE
Web development seems to be a great technology.,NORMAL
Java appears as an interesting concept.,NORMAL
The sun helps with good today.,NORMAL
Card Number: 4739830455401247,SENSITIVE
Python generates text classification.,NORMAL
Data science analyzes sunny.,NORMAL
Student ID: STU2010501,SENSITIVE
Artificial intelligence optimizes data analysis.,NORMAL
Full Name: Mallory Lopez,SENSITIVE
Python analyzes a great technology.,NORMAL
Machine learning evaluates natural language processing.,NORMAL
Python works as natural language processing.,NORMAL
My bank account is 967543477438.,SENSITIVE
Cloud computing creates predictive modeling.,NORMAL
Driver License: DL4213057384562,SENSITIVE
First pet: Sparky,SENSITIVE
Mobile: +91-7385312523,SENSITIVE
Deep learning looks like approved.,NORMAL
password = Secret998!,SENSITIVE
C++ creates pending.,NORMAL
The sky appears as software architecture.,NORMAL
Passport: J6395295,SENSITIVE
API Key: c8fREDy8HxPpwRdxCV0J6wnfn3Kc07by,SENSITIVE
PAN: VFTQK6351B,SENSITIVE
DL Number: DL8368566877823,SENSITIVE
My bank account is 112850515625.,SENSITIVE
Artificial intelligence creates data analysis.,NORMAL
Web development helps with a great technology.,NORMAL
Password: MyPassword282,SENSITIVE
This program works as sunny.,NORMAL
Artificial intelligence creates computer vision.,NORMAL
C++ provides a great technology.,NORMAL
Web development improves bright.,NORMAL
"Home Address: 330 Anna Nagar, London",SENSITIVE
My phone number is 8601514059.,SENSITIVE
Username: victor999,SENSITIVE
Card Number: 4327991792865859,SENSITIVE
Employee ID: EMP4705,SENSITIVE
Artificial intelligence is pending.,NORMAL
PAN: GOTSG6814K,SENSITIVE
The system analyzes approved.,NORMAL
Cloud computing creates bright.,NORMAL
My bank account is 248547437871.,SENSITIVE
My email is bob.taylor@email.net,SENSITIVE
My ID is STU2001972,SENSITIVE
API Key: bFHuLPbR2MU4DrqxBPM7c5T13MjTG9Cc,SENSITIVE
My name is Ivan.,SENSITIVE
The sky is sunny.,NORMAL
The weather looks like predictive modeling.,NORMAL
Machine learning analyzes data analysis.,NORMAL
Login password is Pass280,SENSITIVE
email = ivan@email.net,SENSITIVE
C++ generates approved.,NORMAL
My PAN is UBZUW2218M,SENSITIVE
Data science generates pending.,NORMAL
DL Number: DL2737796172832,SENSITIVE
My ID is STU2021188,SENSITIVE
Student ID: STU2003161,SENSITIVE
Name - Ivan,SENSITIVE
"Address: 457 MG Road, Paris",SENSITIVE
Cloud computing works as good today.,NORMAL
Software engineering optimizes a great technology.,NORMAL
My phone number is 6221711386.,SENSITIVE
Java analyzes an interesting concept.,NORMAL
Python seems to be sunny.,NORMAL
Driver License: DL9256640245718,SENSITIVE
The application appears as natural language processing.,NORMAL
Software engineering works as predictive modeling.,NORMAL
Driver License: DL2825377633223,SENSITIVE
Artificial intelligence looks like software architecture.,NORMAL
Deep learning creates good today.,NORMAL
DL Number: DL6051220949504,SENSITIVE
Python provides predictive modeling.,NORMAL
C++ analyzes good today.,NORMAL
The application looks like sunny.,NORMAL
Cloud computing appears as approved.,NORMAL
Python optimizes completed.,NORMAL
Web development generates completed.,NORMAL
Account Number: 246548648468,SENSITIVE
Java improves an interesting concept.,NORMAL
API Key: NQkJMvewJafgzSEaUK222XX4OxhhVHkk,SENSITIVE
Full Name: Bob Moore,SENSITIVE
PAN: OTICM6600A,SENSITIVE
This program appears as software architecture.,NORMAL
The application improves good today.,NORMAL
I was born on 24-05-2006,SENSITIVE
My card is 4320944638919480,SENSITIVE
Web development generates predictive modeling.,NORMAL
Web development evaluates pending.,NORMAL
password = Secret958!,SENSITIVE
Software engineering helps with an interesting concept.,NORMAL
My ID is STU2017706,SENSITIVE
Python evaluates an interesting concept.,NORMAL
Web development creates pending.,NORMAL
Credit Card: 4466536942801169,SENSITIVE
Deep learning provides predictive modeling.,NORMAL
Python generates pending.,NORMAL
Date of Birth: 14/10/1960,SENSITIVE
The sky appears as bright.,NORMAL
The sun is a great technology.,NORMAL
Bearer Token: Ia36yaKxMrZiJpjSaCZD4lmGM8rdigmS,SENSITIVE
"Home Address: 654 Broadway, New York",SENSITIVE
password = Secret188!,SENSITIVE
Machine learning generates completed.,NORMAL
Data science generates data analysis.,NORMAL
The weather looks like natural language processing.,NORMAL
I was born on 04-05-1958,SENSITIVE
The application optimizes a useful tool.,NORMAL
Deep learning improves a great technology.,NORMAL
Call me at 8106541679,SENSITIVE
Web development generates sunny.,NORMAL
My passport is O8896776,SENSITIVE
Call me at 7654197508,SENSITIVE
I was born on 08-11-1990,SENSITIVE
"I live at 80 Park Avenue, London",SENSITIVE
Software engineering helps with good today.,NORMAL
My passport is W7411936,SENSITIVE
email = walter@mail.com,SENSITIVE
The sun helps with bright.,NORMAL
The sun improves completed.,NORMAL
Machine learning provides a useful tool.,NORMAL
Machine learning analyzes approved.,NORMAL
"Home Address: 21 Park Avenue, Delhi",SENSITIVE
Python generates natural language processing.,NORMAL
The system evaluates text classification.,NORMAL
Date of Birth: 09/06/1973,SENSITIVE
API Key: cyLwXufnaCLE2OGJ4IDEbSxpWw9PEZOf,SENSITIVE
The sky optimizes an interesting concept.,NORMAL
IP Address: 132.16.76.183,SENSITIVE
My phone number is 9159320696.,SENSITIVE
Software engineering optimizes data analysis.,NORMAL
Cloud computing looks like approved.,NORMAL
The sun works as computer vision.,NORMAL
Data science creates good today.,NORMAL
Password: MyPassword261,SENSITIVE
"Address: 671 Main Street, Mumbai",SENSITIVE
"First Name: Oscar, Last Name: Jones",SENSITIVE
Web development works as predictive modeling.,NORMAL
Machine learning helps with an interesting concept.,NORMAL
This program provides computer vision.,NORMAL
"Home Address: 387 MG Road, Bangalore",SENSITIVE
The system appears as predictive modeling.,NORMAL
This program can be data analysis.,NORMAL
My driving license is DL2349449807590,SENSITIVE
Deep learning appears as predictive modeling.,NORMAL
Student ID: STU2021389,SENSITIVE
My PAN is FLMEO3143N,SENSITIVE
Artificial intelligence helps with sunny.,NORMAL
Data science generates sunny.,NORMAL
Passport Number: D9500827,SENSITIVE
My Aadhaar is 9645 1748 7391,SENSITIVE
Credit Card: 4049840767592450,SENSITIVE
My bank account is 529297247565.,SENSITIVE
Employee ID: EMP7246,SENSITIVE
My PAN is RGUBP6181G,SENSITIVE
Cloud computing analyzes an interesting concept.,NORMAL
Secret Token: MxHoYPzP3ubLD4SAJFlrJCafaaw3WGoX,SENSITIVE
Access Token: d8lT1ZXutrU2R7MbkXDsadLcphPaIwWv,SENSITIVE
Account Number: 155673862292,SENSITIVE
Bank Account: 647228552505,SENSITIVE
Software engineering appears as approved.,NORMAL
IP Address: 3.103.131.195,SENSITIVE
Java helps with good today.,NORMAL
Cloud computing helps with an interesting concept.,NORMAL
Data science appears as a useful tool.,NORMAL
The weather looks like bright.,NORMAL
Python works as a useful tool.,NORMAL
PAN Card: KMHJS5010Q,SENSITIVE
C++ optimizes an interesting concept.,NORMAL
DOB: 1976-12-13,SENSITIVE
Web development optimizes approved.,NORMAL
Data science helps with data analysis.,NORMAL
This program improves a great technology.,NORMAL
C++ appears as pending.,NORMAL
The application analyzes sunny.,NORMAL
Cloud computing works as approved.,NORMAL
Python can be approved.,NORMAL
The system seems to be a great technology.,NORMAL
My IP is 242.174.122.184,SENSITIVE
Passport: N8093764,SENSITIVE
"Address: 841 Anna Nagar, Chennai",SENSITIVE
password = Secret189!,SENSITIVE
Cloud computing analyzes bright.,NORMAL
This program optimizes software architecture.,NORMAL
The weather works as text classification.,NORMAL
The system looks like approved.,NORMAL
This program looks like bright.,NORMAL
Machine learning creates text classification.,NORMAL
Student ID: STU2019440,SENSITIVE
Software engineering creates software architecture.,NORMAL
Software engineering provides software architecture.,NORMAL
PAN Card: CKHDF6430B,SENSITIVE
C++ optimizes a useful tool.,NORMAL
Deep learning evaluates approved.,NORMAL
DL Number: DL2054593023671,SENSITIVE
email = frank@example.com,SENSITIVE
Aadhaar Number: 8721 9956 6399,SENSITIVE
My card is 4953214592391918,SENSITIVE
"Address: 445 MG Road, Bangalore",SENSITIVE
My IP is 108.198.183.68,SENSITIVE
This program helps with data analysis.,NORMAL
The application appears as a great technology.,NORMAL
My bank account is 835561628073.,SENSITIVE
Mother's maiden name: Smith,SENSITIVE
Java looks like predictive modeling.,NORMAL
My ID is STU2018368,SENSITIVE
The system generates an interesting concept.,NORMAL
Server IP: 217.230.57.69,SENSITIVE
My bank account is 550205822680.,SENSITIVE
Credit Card: 4019230754804497,SENSITIVE
Software engineering helps with a useful tool.,NORMAL
My passport is O5746469,SENSITIVE
Date of Birth: 24/01/1976,SENSITIVE
email = nina@sample.co,SENSITIVE
My name is Peggy.,SENSITIVE
My Aadhaar is 2533 8307 7007,SENSITIVE
Software engineering can be approved.,NORMAL
PAN: FTVZP8585R,SENSITIVE
The sky is text classification.,NORMAL
Password: MyPassword740,SENSITIVE
Java provides software architecture.,NORMAL
My phone number is 7442197181.,SENSITIVE
My card is 4667449672626080,SENSITIVE
IP Address: 157.243.32.228,SENSITIVE
My IP is 5.24.30.205,SENSITIVE
Artificial intelligence seems to be natural language processing.,NORMAL
My ID is STU2018707,SENSITIVE
Web development optimizes completed.,NORMAL
The sky works as good today.,NORMAL
Deep learning appears as computer vision.,NORMAL
My email is victor.jones@test.org,SENSITIVE
Bank Account: 597679133137,SENSITIVE
Cloud computing works as predictive modeling.,NORMAL
My IP is 33.187.54.113,SENSITIVE
Credit Card: 4436138371197324,SENSITIVE
password = Secret640!,SENSITIVE
My PAN is GRMZU1484G,SENSITIVE
My Aadhaar is 1935 2094 1028,SENSITIVE
My ID is STU2019128,SENSITIVE
The application creates data analysis.,NORMAL
The application creates an interesting concept.,NORMAL
My driving license is DL1555903254978,SENSITIVE
User ID: sybil_677,SENSITIVE
"Address: 583 Anna Nagar, Paris",SENSITIVE
The sun works as text classification.,NORMAL
The sun improves a great technology.,NORMAL
The sky evaluates text classification.,NORMAL
The system is predictive modeling.,NORMAL
This program improves completed.,NORMAL
Software engineering provides computer vision.,NORMAL
PAN: BZNNA4402Y,SENSITIVE
PAN Card: RLAMZ3825I,SENSITIVE
Software engineering evaluates data analysis.,NORMAL
Employee ID: EMP5635,SENSITIVE
The sun can be bright.,NORMAL
Data science works as natural language processing.,NORMAL
DOB: 2008-10-28,SENSITIVE
I was born on 10-11-2008,SENSITIVE
Aadhaar Number: 2422 8109 1011,SENSITIVE
This program helps with completed.,NORMAL
The weather helps with text classification.,NORMAL
Phone: 8737377310,SENSITIVE
Software engineering generates bright.,NORMAL
"Home Address: 478 Park Avenue, Bangalore",SENSITIVE
Java appears as software architecture.,NORMAL
PAN: KZJPT2252T,SENSITIVE
C++ appears as computer vision.,NORMAL
This program appears as sunny.,NORMAL
Data science improves approved.,NORMAL
The system seems to be completed.,NORMAL
Software engineering can be text classification.,NORMAL
Web development can be data analysis.,NORMAL
The sky works as approved.,NORMAL
The sky seems to be data analysis.,NORMAL
Software engineering generates an interesting concept.,NORMAL
Mobile: +91-7530042222,SENSITIVE
API Key: N6yGrETJIshPan09cHkqAvU5cBvbmgZ8,SENSITIVE
The sun improves sunny.,NORMAL
My bank account is 449771889109.,SENSITIVE
Data science analyzes data analysis.,NORMAL
Driver License: DL4894719468940,SENSITIVE
Deep learning generates computer vision.,NORMAL
Web development evaluates good today.,NORMAL
DL Number: DL1068710164808,SENSITIVE
The application analyzes natural language processing.,NORMAL
Deep learning optimizes pending.,NORMAL
Python seems to be bright.,NORMAL
Credit Card: 4841793789608435,SENSITIVE
Password: MyPassword497,SENSITIVE
IP Address: 27.69.58.154,SENSITIVE
Access Token: aXiFyKyEJKnRh4m6BQz0Jt5VkkFryJjU,SENSITIVE
Phone: 9196216497,SENSITIVE
Python generates completed.,NORMAL
Passport Number: N2312764,SENSITIVE
Web development can be pending.,NORMAL
This program appears as text classification.,NORMAL
Python is completed.,NORMAL
Passport Number: O7898745,SENSITIVE
Aadhaar: 3181 3593 6818,SENSITIVE
Passport Number: H9004818,SENSITIVE
The application provides computer vision.,NORMAL
Python is bright.,NORMAL
My card is 4194352830247848,SENSITIVE
Account Number: 458196877567,SENSITIVE
C++ can be software architecture.,NORMAL
Deep learning seems to be completed.,NORMAL
Web development appears as completed.,NORMAL
Passport Number: G6583423,SENSITIVE
Login password is Pass184,SENSITIVE
C++ improves a useful tool.,NORMAL
The sun provides good today.,NORMAL
I was born on 28-12-1986,SENSITIVE
The sun evaluates natural language processing.,NORMAL
Mobile: +91-6550617292,SENSITIVE
Artificial intelligence optimizes approved.,NORMAL
Bearer Token: nQpcj21OkFtPkbyMi2dhIYBZCBu7CKbm,SENSITIVE
My IP is 162.233.0.112,SENSITIVE
PAN Card: NROYF2075H,SENSITIVE
Bearer Token: jalQ95QY2GZ2VdWEsXBw9Bk2jsQm43ru,SENSITIVE
Account Number: 592922366370,SENSITIVE
Email: oscar@email.net,SENSITIVE
My passport is L8390221,SENSITIVE
Login username: charlie367,SENSITIVE
PAN: QUQHW3067R,SENSITIVE
My passport is Z9938312,SENSITIVE
This program is pending.,NORMAL
Machine learning analyzes pending.,NORMAL
I was born on 28-08-1968,SENSITIVE
Artificial intelligence appears as approved.,NORMAL
Data science is bright.,NORMAL
Name: Walter,SENSITIVE
Deep learning helps with computer vision.,NORMAL
The application works as sunny.,NORMAL
Login password is Pass260,SENSITIVE
The weather creates software architecture.,NORMAL
My PAN is ZXZBA2508F,SENSITIVE
This program generates an interesting concept.,NORMAL
DOB: 1988-11-25,SENSITIVE
Java is approved.,NORMAL
The sky looks like sunny.,NORMAL
"Home Address: 125 MG Road, Sydney",SENSITIVE
Web development is an interesting concept.,NORMAL
PAN: COTMZ6751P,SENSITIVE
Web development optimizes computer vision.,NORMAL
My Aadhaar is 2695 2885 3023,SENSITIVE
Contact me at trent69@demo.net,SENSITIVE
My ID is STU2000408,SENSITIVE
Deep learning seems to be natural language processing.,NORMAL
The weather can be a useful tool.,NORMAL
Passport Number: Z7764355,SENSITIVE
Artificial intelligence seems to be an interesting concept.,NORMAL
Credit Card: 4705860993812379,SENSITIVE
Card Number: 4185777392794975,SENSITIVE
My phone number is 6754603406.,SENSITIVE
Student ID: STU2000538,SENSITIVE
Deep learning analyzes good today.,NORMAL
The sky creates sunny.,NORMAL
The sky works as software architecture.,NORMAL
Credit Card: 4853236260553257,SENSITIVE
Java works as software architecture.,NORMAL
Contact me at david54@email.net,SENSITIVE
My bank account is 895917068703.,SENSITIVE
Artificial intelligence appears as software architecture.,NORMAL
The weather creates a useful tool.,NORMAL
Machine learning appears as approved.,NORMAL
Account Number: 863106556190,SENSITIVE
The sky appears as pending.,NORMAL
Machine learning is computer vision.,NORMAL
Python analyzes bright.,NORMAL
This program is a great technology.,NORMAL
IP Address: 123.32.177.82,SENSITIVE
My phone number is 9160043103.,SENSITIVE
My email is grace.hernandez@mail.com,SENSITIVE
The system is pending.,NORMAL
"Home Address: 45 MG Road, Paris",SENSITIVE
Python is computer vision.,NORMAL
Java works as good today.,NORMAL
The system seems to be data analysis.,NORMAL
Driver License: DL2277423277975,SENSITIVE
Machine learning seems to be pending.,NORMAL
Password: MyPassword306,SENSITIVE
email = victor@demo.net,SENSITIVE
Web development analyzes an interesting concept.,NORMAL
Java is pending.,NORMAL
Machine learning appears as software architecture.,NORMAL
Software engineering analyzes pending.,NORMAL
Python seems to be natural language processing.,NORMAL
Artificial intelligence creates natural language processing.,NORMAL
Student ID: STU2000717,SENSITIVE
Web development creates approved.,NORMAL
The sun is data analysis.,NORMAL
The application evaluates predictive modeling.,NORMAL
The weather provides good today.,NORMAL
Server IP: 14.43.142.108,SENSITIVE
The application analyzes completed.,NORMAL
The weather seems to be computer vision.,NORMAL
Software engineering improves completed.,NORMAL
Login username: frank816,SENSITIVE
Artificial intelligence seems to be text classification.,NORMAL
Passport Number: G4367658,SENSITIVE
Artificial intelligence helps with data analysis.,NORMAL
Java looks like a great technology.,NORMAL
Software engineering generates software architecture.,NORMAL
Server IP: 45.211.21.187,SENSITIVE
This program generates completed.,NORMAL
Aadhaar Number: 7335 9801 1499,SENSITIVE
Passport: D0767483,SENSITIVE
C++ can be approved.,NORMAL
Student ID: STU2006517,SENSITIVE
Java provides good today.,NORMAL
The application provides a great technology.,NORMAL
Java optimizes completed.,NORMAL
The system works as software architecture.,NORMAL
Passport: T7098593,SENSITIVE
Date of Birth: 10/05/2002,SENSITIVE
C++ optimizes data analysis.,NORMAL
Machine learning appears as pending.,NORMAL
Java analyzes approved.,NORMAL
My passport is Q4968381,SENSITIVE
Deep learning is approved.,NORMAL
The system analyzes an interesting concept.,NORMAL
Date of Birth: 27/07/1960,SENSITIVE
The sky improves completed.,NORMAL
Data science generates predictive modeling.,NORMAL
Student ID: STU2015301,SENSITIVE
Employee ID: EMP3400,SENSITIVE
Data science works as computer vision.,NORMAL
IP Address: 8.37.68.165,SENSITIVE
password = Secret990!,SENSITIVE
Cloud computing evaluates an interesting concept.,NORMAL
Card Number: 4771244525947205,SENSITIVE
Deep learning is good today.,NORMAL
Name: Trent,SENSITIVE
Java can be a great technology.,NORMAL
Name: Sybil Gonzalez,SENSITIVE
Data science looks like predictive modeling.,NORMAL
The weather creates natural language processing.,NORMAL
Login username: heidi628,SENSITIVE
Name: Bob,SENSITIVE
Name - Heidi,SENSITIVE
Artificial intelligence appears as pending.,NORMAL
Account Number: 655344647954,SENSITIVE
Software engineering optimizes predictive modeling.,NORMAL
Employee ID: EMP7120,SENSITIVE
My PAN is YABJX1396T,SENSITIVE
My PAN is MDREY6175E,SENSITIVE
"I live at 405 Broadway, Paris",SENSITIVE
Aadhaar: 7607 4303 7948,SENSITIVE
Phone: 7573422052,SENSITIVE
My card is 4974345655191780,SENSITIVE
email = frank@email.net,SENSITIVE
Artificial intelligence provides bright.,NORMAL
Java analyzes good today.,NORMAL
My IP is 192.207.18.113,SENSITIVE
Passport: C6595884,SENSITIVE
My bank account is 766540726135.,SENSITIVE
My PAN is TDAFH5724P,SENSITIVE
Software engineering evaluates pending.,NORMAL
The sun appears as natural language processing.,NORMAL
My name is Trent.,SENSITIVE
Machine learning works as predictive modeling.,NORMAL
Bank Account: 351522993150,SENSITIVE
My IP is 18.72.6.103,SENSITIVE
Java helps with natural language processing.,NORMAL
Server IP: 25.211.110.255,SENSITIVE
The sun creates approved.,NORMAL
Deep learning can be predictive modeling.,NORMAL
Machine learning evaluates an interesting concept.,NORMAL
Aadhaar Number: 4767 9268 5042,SENSITIVE
Card Number: 4505250330335670,SENSITIVE
The sun is predictive modeling.,NORMAL
My ID is STU2006283,SENSITIVE
Cloud computing can be natural language processing.,NORMAL
Python works as good today.,NORMAL
Account Number: 586820446964,SENSITIVE
Data science appears as pending.,NORMAL
Web development improves computer vision.,NORMAL
Aadhaar: 7076 4129 5006,SENSITIVE
Software engineering works as a useful tool.,NORMAL
DL Number: DL9913870399071,SENSITIVE
The sky helps with a useful tool.,NORMAL
My Aadhaar is 6650 4995 7955,SENSITIVE
